{"cameraMode":{"drawMode":0,"name":"Shaded","section":"Shading Mode"},"sceneLighting":true,"audioPlay":false,"sceneViewState":{"m_AlwaysRefresh":false,"showFog":true,"showSkybox":true,"showFlares":true,"showImageEffects":true,"showParticleSystems":true,"showVisualEffectGraphs":true,"m_FxEnabled":true},"in2DMode":false,"pivot":{"x":9.487337112426758,"y":4.242318153381348,"z":-4.516969680786133},"rotation":{"x":0.03997240588068962,"y":-0.5886646509170532,"z":0.029163256287574769,"w":0.8068601489067078},"size":0.5892409086227417,"orthographic":false}