{"cameraMode":{"drawMode":0,"name":"Shaded","section":"Shading Mode"},"sceneLighting":true,"audioPlay":false,"sceneViewState":{"m_AlwaysRefresh":false,"showFog":true,"showSkybox":true,"showFlares":true,"showImageEffects":true,"showParticleSystems":true,"showVisualEffectGraphs":true,"m_FxEnabled":true},"in2DMode":false,"pivot":{"x":1.333388328552246,"y":1.1382137537002564,"z":2.389888286590576},"rotation":{"x":-0.009847786277532578,"y":-0.9901325106620789,"z":0.09564574062824249,"w":-0.10194924473762512},"size":2.3176913261413576,"orthographic":false}