{"cameraMode":{"drawMode":0,"name":"Shaded","section":"Shading Mode"},"sceneLighting":false,"audioPlay":false,"sceneViewState":{"m_AlwaysRefresh":false,"showFog":true,"showSkybox":false,"showFlares":true,"showImageEffects":true,"showParticleSystems":true,"showVisualEffectGraphs":true,"m_FxEnabled":true},"in2DMode":false,"pivot":{"x":0.06993865966796875,"y":0.6589159965515137,"z":0.005841374397277832},"rotation":{"x":0.03997240588068962,"y":-0.5886646509170532,"z":0.029163256287574769,"w":0.8068601489067078},"size":2.9138503074645998,"orthographic":false}